{
  "schema_version": "1.3",
  "aiperf_version": "0.9.0",
  "benchmark_id": "35d1f8ff4c1b",
  "request_throughput": {
    "unit": "requests/sec",
    "avg": 0.29746950957971885
  },
  "request_latency": {
    "unit": "ms",
    "avg": 2920.8956151199995,
    "p1": 478.47772011999996,
    "p5": 525.3268023999999,
    "p10": 531.4696708,
    "p25": 736.7167129999999,
    "p50": 1698.427267,
    "p75": 2787.6760099999997,
    "p90": 7320.4352172000035,
    "p95": 10326.165273199993,
    "p99": 13359.505820479993,
    "min": 463.740235,
    "max": 14164.66886,
    "std": 3436.4006490723746,
    "count": 25,
    "sum": 73022.390378
  },
  "request_count": {
    "unit": "requests",
    "avg": 25.0
  },
  "time_to_first_token": {
    "unit": "ms",
    "avg": 657.8655215199999,
    "p1": 149.1994594,
    "p5": 150.2448696,
    "p10": 151.1284872,
    "p25": 170.41834799999998,
    "p50": 218.82077199999998,
    "p75": 410.8728,
    "p90": 663.3124288,
    "p95": 677.5234931999998,
    "p99": 7027.188792599983,
    "min": 148.93166499999998,
    "max": 9031.739139,
    "std": 1718.840957872172,
    "count": 25,
    "sum": 16446.638038
  },
  "time_to_second_token": {
    "unit": "ms",
    "avg": 5.42606628,
    "p1": 3.4853435999999998,
    "p5": 4.4909124,
    "p10": 4.568066,
    "p25": 5.067976,
    "p50": 5.530241,
    "p75": 5.859248,
    "p90": 5.9967944,
    "p95": 6.109450799999999,
    "p99": 7.230778359999997,
    "min": 3.171132,
    "max": 7.581283,
    "std": 0.7814196046989106,
    "count": 25,
    "sum": 135.651657
  },
  "inter_token_latency": {
    "unit": "ms",
    "avg": 7.135513747293113,
    "p1": 7.071652856221198,
    "p5": 7.078792306666666,
    "p10": 7.103698401818181,
    "p25": 7.126837394871794,
    "p50": 7.14182737735849,
    "p75": 7.151085488235293,
    "p90": 7.158202817750258,
    "p95": 7.161551991485379,
    "p99": 7.164974670399999,
    "min": 7.0711934423963125,
    "max": 7.165813804210526,
    "std": 0.02435790384525762,
    "count": 25,
    "sum": 178.38784368232783
  },
  "output_token_throughput": {
    "unit": "tokens/sec",
    "avg": 94.51201258366828
  },
  "output_token_throughput_per_user": {
    "unit": "tokens/sec/user",
    "avg": 140.14571920808856,
    "p1": 139.56784070386163,
    "p5": 139.63454386651856,
    "p10": 139.69986990865857,
    "p25": 139.83891000116887,
    "p50": 140.02018631397735,
    "p75": 140.314692842517,
    "p90": 140.77176184410325,
    "p95": 141.2673984567632,
    "p99": 141.40965820789273,
    "min": 139.55149091543723,
    "max": 141.4188436713331,
    "std": 0.4805885568779594,
    "count": 25,
    "sum": 3503.642980202215
  },
  "output_sequence_length": {
    "unit": "tokens",
    "avg": 317.72,
    "p1": 27.28,
    "p5": 44.0,
    "p10": 44.4,
    "p25": 76.0,
    "p50": 172.0,
    "p75": 370.0,
    "p90": 756.2,
    "p95": 1071.399999999999,
    "p99": 1407.7199999999993,
    "min": 22.0,
    "max": 1491.0,
    "std": 369.4967951146532,
    "count": 25,
    "sum": 7943.0
  },
  "input_sequence_length": {
    "unit": "tokens",
    "avg": 4965.833333333333,
    "p1": 228.35,
    "p5": 306.50000000000006,
    "p10": 1000.3000000000004,
    "p25": 3214.0,
    "p50": 5491.5,
    "p75": 7443.5,
    "p90": 7717.8,
    "p95": 7768.4,
    "p99": 7833.5199999999995,
    "min": 218.0,
    "max": 7851.0,
    "std": 2492.150153760581,
    "count": 24,
    "sum": 119180.0
  },
  "output_token_count": {
    "unit": "tokens",
    "avg": 317.72,
    "p1": 27.28,
    "p5": 44.0,
    "p10": 44.4,
    "p25": 76.0,
    "p50": 172.0,
    "p75": 370.0,
    "p90": 756.2,
    "p95": 1071.399999999999,
    "p99": 1407.7199999999993,
    "min": 22.0,
    "max": 1491.0,
    "std": 369.4967951146532,
    "count": 25,
    "sum": 7943.0
  },
  "inter_chunk_latency": {
    "unit": "ms",
    "avg": 7.145207418540035,
    "p1": 7.020082943999999,
    "p5": 7.100185112820513,
    "p10": 7.1192909588235285,
    "p25": 7.135547845588235,
    "p50": 7.148939642706131,
    "p75": 7.1615512702922075,
    "p90": 7.174991606593406,
    "p95": 7.184279185263158,
    "p99": 7.261742055999998,
    "min": 3.171132,
    "max": 8.639821999999999,
    "std": 0.13984958083154883,
    "count": 7918,
    "sum": 56575.75234
  },
  "total_output_tokens": {
    "unit": "tokens",
    "avg": 7943.0
  },
  "benchmark_duration": {
    "unit": "sec",
    "avg": 84.042226833
  },
  "total_isl": {
    "unit": "tokens",
    "avg": 119180.0
  },
  "total_osl": {
    "unit": "tokens",
    "avg": 7943.0
  },
  "telemetry_data": {
    "summary": {
      "endpoints_configured": [],
      "endpoints_successful": [],
      "start_time": "2026-07-13T23:30:10.862260",
      "end_time": "2026-07-13T23:31:36.924107"
    },
    "endpoints": {},
    "error_summary": []
  },
  "input_config": {
    "models": {
      "items": [
        {
          "name": "dsv4flash"
        }
      ]
    },
    "endpoint": {
      "urls": [
        "http://localhost:8000"
      ],
      "type": "chat",
      "streaming": true
    },
    "datasets": [
      {
        "name": "main",
        "type": "file",
        "path": "/raid/davilu/rec_traj_v2/astropy-12907.aiperf.dag.jsonl",
        "format": "dag_jsonl"
      }
    ],
    "phases": [
      {
        "name": "profiling",
        "type": "concurrency",
        "sessions": 1,
        "concurrency": 1
      }
    ],
    "artifacts": {
      "dir": "/raid/davilu/aiperf_test_out",
      "records": [
        "jsonl"
      ],
      "auto_plot": false,
      "plot_required": false
    },
    "tokenizer": {
      "name": "/raid/model_hub/DeepSeek-V4-Flash"
    },
    "gpu_telemetry": {
      "enabled": true
    },
    "server_metrics": {
      "enabled": true,
      "urls": [],
      "formats": [
        "json",
        "csv"
      ]
    },
    "otel": {},
    "mlflow": {},
    "runtime": {
      "ui": "none"
    }
  },
  "run_info": {
    "benchmark_id": "35d1f8ff4c1b",
    "trial": 0,
    "cli_command": "aiperf profile -m 'dsv4flash' --tokenizer '<redacted>' --endpoint-type 'chat' --streaming --url 'http://localhost:8000' --input-file '/raid/davilu/rec_traj_v2/astropy-12907.aiperf.dag.jsonl' --custom-dataset-type 'dag_jsonl' --concurrency 1 --artifact-dir '/raid/davilu/aiperf_test_out'"
  },
  "was_cancelled": false,
  "error_summary": [],
  "start_time": "2026-07-13T23:30:10.862260",
  "end_time": "2026-07-13T23:31:34.917119",
  "http_req_receiving": {
    "unit": "ms",
    "avg": 2265.84264544,
    "p1": 186.60424604,
    "p5": 306.8007518,
    "p10": 312.66475419999995,
    "p25": 537.332375,
    "p50": 1232.608612,
    "p75": 2646.046869,
    "p90": 5397.094593000001,
    "p95": 7654.201306599993,
    "p99": 10062.554947239994,
    "min": 148.717943,
    "max": 10658.789641,
    "std": 2642.403588365751,
    "count": 25,
    "sum": 56646.066135999994
  },
  "http_req_blocked": {
    "unit": "ms",
    "avg": 0.0,
    "p1": 0.0,
    "p5": 0.0,
    "p10": 0.0,
    "p25": 0.0,
    "p50": 0.0,
    "p75": 0.0,
    "p90": 0.0,
    "p95": 0.0,
    "p99": 0.0,
    "min": 0.0,
    "max": 0.0,
    "std": 0.0,
    "count": 25,
    "sum": 0.0
  },
  "http_req_chunks_sent": {
    "unit": "count",
    "avg": 1.0,
    "p1": 1.0,
    "p5": 1.0,
    "p10": 1.0,
    "p25": 1.0,
    "p50": 1.0,
    "p75": 1.0,
    "p90": 1.0,
    "p95": 1.0,
    "p99": 1.0,
    "min": 1.0,
    "max": 1.0,
    "std": 0.0,
    "count": 25,
    "sum": 25.0
  },
  "http_req_dns_lookup": {
    "unit": "ms",
    "avg": 0.05018268,
    "p1": 0.0,
    "p5": 0.0,
    "p10": 0.0,
    "p25": 0.0,
    "p50": 0.0,
    "p75": 0.0,
    "p90": 0.0,
    "p95": 0.0,
    "p99": 0.9534709199999974,
    "min": 0.0,
    "max": 1.254567,
    "std": 0.24584391985074106,
    "count": 25,
    "sum": 1.254567
  },
  "http_req_waiting": {
    "unit": "ms",
    "avg": 657.52295372,
    "p1": 148.95085772,
    "p5": 149.98795719999998,
    "p10": 150.8686748,
    "p25": 170.17251199999998,
    "p50": 218.569662,
    "p75": 410.612898,
    "p90": 663.031703,